inventory_id,item_id,location,case_count_on_hand,case_count_allocated,case_count_available,unit_price,date_last_sold,case_count_last_sold,date_extracted
141661,104864,DOK,900,0,900,0,0,0,Mon Oct 11 16:52:32 2021
141657,104863,HLD,48,0,48,0,0,0,Mon Oct 11 16:52:32 2021
141654,104862,MOF,1574,0,1574,0,0,0,Mon Oct 11 16:52:32 2021
141651,104861,REC,1025,0,1025,0,0,0,Mon Oct 11 16:52:32 2021
141648,104860,MOF,479,0,479,0,0,0,Mon Oct 11 16:52:32 2021
141645,104859,MOF,173,0,173,0,0,0,Mon Oct 11 16:52:32 2021
141642,104858,MOF,17,0,17,0,0,0,Mon Oct 11 16:52:32 2021
141640,104857,DOK,240,0,240,0,0,0,Mon Oct 11 16:52:32 2021
141639,104857,REC,1104,0,1104,0,0,0,Mon Oct 11 16:52:32 2021
141636,104856,HLD,4200,0,4200,0,0,0,Mon Oct 11 16:52:32 2021
141633,104855,HLD,260,0,260,0,0,0,Mon Oct 11 16:52:32 2021
141630,104854,HLD,211,0,211,0,0,0,Mon Oct 11 16:52:32 2021
141627,104853,HLD,311,0,311,0,0,0,Mon Oct 11 16:52:32 2021
141624,104852,HLD,13,0,13,0,0,0,Mon Oct 11 16:52:32 2021
141621,104851,HLD,80,0,80,0,0,0,Mon Oct 11 16:52:32 2021
141618,104850,HLD,780,0,780,0,0,0,Mon Oct 11 16:52:32 2021
141615,104849,MOF,520,6,514,0,0,0,Mon Oct 11 16:52:32 2021
141612,104848,MOF,528,23,505,0,0,0,Mon Oct 11 16:52:32 2021
141609,104847,MOF,28,0,28,0,0,0,Mon Oct 11 16:52:32 2021
141607,104846,DOK,75,0,75,0,0,0,Mon Oct 11 16:52:32 2021
141606,104846,MOF,310,0,310,0,0,0,Mon Oct 11 16:52:32 2021
141603,104845,MOF,421,0,421,0,0,0,Mon Oct 11 16:52:32 2021
141601,104844,DOK,84,0,84,0,0,0,Mon Oct 11 16:52:32 2021
141597,104843,MOF,881,0,881,0,0,0,Mon Oct 11 16:52:32 2021
141594,104842,MOF,42,0,42,0,0,0,Mon Oct 11 16:52:32 2021
141591,104841,MOF,42,0,42,0,0,0,Mon Oct 11 16:52:32 2021
141588,104840,REC,413,0,413,0,0,0,Mon Oct 11 16:52:32 2021
141585,104839,MOF,1294,1294,0,0,0,0,Mon Oct 11 16:52:32 2021
141582,104838,MOF,155,155,0,0,0,0,Mon Oct 11 16:52:32 2021
141579,104837,HLD,294,0,294,0,0,0,Mon Oct 11 16:52:32 2021
141576,104836,HLD,119,0,119,0,20211011,49,Mon Oct 11 16:52:32 2021
141573,104835,MOF,899,699,200,0,0,0,Mon Oct 11 16:52:32 2021
141570,104834,MOF,480,408,72,0,0,0,Mon Oct 11 16:52:32 2021
141567,104833,MOF,2387,469,1918,0,0,0,Mon Oct 11 16:52:32 2021
141566,104832,PAN,161,0,161,0,0,0,Mon Oct 11 16:52:32 2021
141561,104831,MOF,167,167,0,0,20211011,10,Mon Oct 11 16:52:32 2021
141558,104830,MOF,18,18,0,0,0,0,Mon Oct 11 16:52:32 2021
141555,104829,MOF,70,70,0,0,0,0,Mon Oct 11 16:52:32 2021
141536,104821,HLD,136,0,136,0,20211011,16,Mon Oct 11 16:52:32 2021
141533,104820,HLD,197,0,197,0,20211011,2,Mon Oct 11 16:52:32 2021
141530,104819,HLD,1430,0,1430,0,20211011,200,Mon Oct 11 16:52:32 2021
141527,104818,HLD,450,0,450,0,20211008,45,Mon Oct 11 16:52:32 2021
141524,104817,MOF,5,5,0,0,20211011,31,Mon Oct 11 16:52:32 2021
141521,104816,MOF,54,54,0,0,20211008,10,Mon Oct 11 16:52:32 2021
141518,104815,MOF,71,71,0,0,20211011,12,Mon Oct 11 16:52:32 2021
141515,104814,MOF,60,60,0,0,20211011,5,Mon Oct 11 16:52:32 2021
141514,104813,PAN,5902,0,5902,0,0,0,Mon Oct 11 16:52:32 2021
141509,104812,MOF,66,66,0,0,20211008,8,Mon Oct 11 16:52:32 2021
141506,104811,MOF,8,8,0,0,20211011,3,Mon Oct 11 16:52:32 2021
141503,104810,MOF,34,34,0,0,20211008,2,Mon Oct 11 16:52:32 2021
141495,104807,MOF,114,114,0,0,20211011,4,Mon Oct 11 16:52:32 2021
141492,104806,HLD,17,0,17,0,0,0,Mon Oct 11 16:52:32 2021
141489,104805,MOF,39,39,0,0,20211011,10,Mon Oct 11 16:52:32 2021
141486,104804,MOF,767,53,714,0,20211011,2,Mon Oct 11 16:52:32 2021
141483,104803,XTR,2160,0,2160,0,0,0,Mon Oct 11 16:52:32 2021
141480,104802,HLD,662,0,662,0,20211011,4,Mon Oct 11 16:52:32 2021
141479,104801,REC,3215,3215,0,0,20211011,150,Mon Oct 11 16:52:32 2021
141478,104800,REC,1179,1179,0,0,20211011,35,Mon Oct 11 16:52:32 2021
141475,104799,HLD,95,0,95,0,20211011,40,Mon Oct 11 16:52:32 2021
141472,104798,HLD,155,0,155,0,20211011,5,Mon Oct 11 16:52:32 2021
141467,104796,HLD,73,0,73,0,20211011,5,Mon Oct 11 16:52:32 2021
141464,104795,HLD,106,0,106,0,20211011,11,Mon Oct 11 16:52:32 2021
141460,104794,HLD,360,0,360,0,20211011,7,Mon Oct 11 16:52:32 2021
141457,104793,MOF,17,17,0,0,20211011,2,Mon Oct 11 16:52:32 2021
141448,104790,MOF,23,23,0,0,20211011,15,Mon Oct 11 16:52:32 2021
141442,104788,HLD,400,0,400,0,20211011,154,Mon Oct 11 16:52:32 2021
141439,104787,HLD,330,0,330,0,20211011,13,Mon Oct 11 16:52:32 2021
141436,104786,XTR,2473,0,2473,0,0,0,Mon Oct 11 16:52:32 2021
141433,104785,HLD,174,0,174,0,20211009,16,Mon Oct 11 16:52:32 2021
141430,104784,HLD,161,0,161,0,20211008,160,Mon Oct 11 16:52:32 2021
141427,104783,HLD,106,0,106,0,20211011,2,Mon Oct 11 16:52:32 2021
141424,104782,MOF,9,9,0,0,20211011,2,Mon Oct 11 16:52:32 2021
141421,104781,MOF,114,36,78,0,20211011,1,Mon Oct 11 16:52:32 2021
141418,104780,MOF,20,20,0,0,0,0,Mon Oct 11 16:52:32 2021
141415,104779,MOF,41,41,0,0,20211011,1,Mon Oct 11 16:52:32 2021
141412,104778,MOF,16,16,0,0,20211011,5,Mon Oct 11 16:52:32 2021
141409,104777,MOF,106,67,39,0,20211011,2,Mon Oct 11 16:52:32 2021
141406,104776,MOF,7,7,0,0,0,0,Mon Oct 11 16:52:32 2021
141403,104775,MOF,49,49,0,0,20211011,4,Mon Oct 11 16:52:32 2021
141400,104774,MOF,89,89,0,0,20211011,1,Mon Oct 11 16:52:32 2021
141397,104773,HLD,5,0,5,0,20211009,1,Mon Oct 11 16:52:32 2021
141394,104772,MOF,194,194,0,0,20211011,10,Mon Oct 11 16:52:32 2021
141391,104771,MOF,17,17,0,0,20211011,3,Mon Oct 11 16:52:32 2021
141390,104770,MOF,26,26,0,0,20211011,3,Mon Oct 11 16:52:32 2021
141384,104768,HLD,120,0,120,0,20211011,120,Mon Oct 11 16:52:32 2021
141381,104767,HLD,85,0,85,0,20211006,84,Mon Oct 11 16:52:32 2021
141378,104766,HLD,59,0,59,0,20211011,10,Mon Oct 11 16:52:32 2021
141372,104764,MOF,612,286,326,0,20211011,12,Mon Oct 11 16:52:32 2021
141369,104763,XTR,2387,0,2387,0,0,0,Mon Oct 11 16:52:32 2021
141366,104762,HLD,57,0,57,0,20211011,56,Mon Oct 11 16:52:32 2021
141363,104761,MOF,3026,56,2970,0,0,0,Mon Oct 11 16:52:32 2021
141360,104760,HLD,22,0,22,0,20211006,40,Mon Oct 11 16:52:32 2021
141350,104752,MOF,30,30,0,0,0,0,Mon Oct 11 16:52:32 2021
141347,104751,MOF,40,40,0,0,20211011,3,Mon Oct 11 16:52:32 2021
141344,104750,MOF,30,30,0,0,0,0,Mon Oct 11 16:52:32 2021
141341,104749,MOF,26,26,0,0,20211011,3,Mon Oct 11 16:52:32 2021
141338,104748,MOF,10,10,0,0,20211007,28,Mon Oct 11 16:52:32 2021
141335,104747,MOF,5,5,0,0,20211011,1,Mon Oct 11 16:52:32 2021
141323,104743,XTR,2160,0,2160,0,0,0,Mon Oct 11 16:52:32 2021
141322,104742,MOF,2457,80,2377,0,20211008,4,Mon Oct 11 16:52:32 2021
141315,104741,MOF,1102,418,684,0,20211011,20,Mon Oct 11 16:52:32 2021
141309,104739,MOF,19,19,0,0,20211011,1,Mon Oct 11 16:52:32 2021
141306,104738,MOF,52,52,0,0,20211011,6,Mon Oct 11 16:52:32 2021
141303,104737,MOF,316,256,60,0,20211011,1,Mon Oct 11 16:52:32 2021
141300,104736,MOF,16,16,0,0,20211011,4,Mon Oct 11 16:52:32 2021
141297,104735,MOF,7,7,0,0,20211011,1,Mon Oct 11 16:52:32 2021
141291,104733,MOF,22,22,0,0,20211008,8,Mon Oct 11 16:52:32 2021
141288,104732,MOF,15,15,0,0,20211008,2,Mon Oct 11 16:52:32 2021
141285,104731,MOF,145,145,0,0,20211011,5,Mon Oct 11 16:52:32 2021
141282,104730,MOF,31,31,0,0,20211008,8,Mon Oct 11 16:52:32 2021
141279,104729,MOF,86,86,0,0,20211011,3,Mon Oct 11 16:52:32 2021
141276,104728,MOF,11,11,0,0,20211008,1,Mon Oct 11 16:52:32 2021
141273,104727,MOF,38,38,0,0,20211008,5,Mon Oct 11 16:52:32 2021
141270,104726,MOF,85,85,0,0,20211011,3,Mon Oct 11 16:52:32 2021
141267,104725,MOF,59,59,0,0,20211011,4,Mon Oct 11 16:52:32 2021
141264,104724,MOF,238,224,14,0,20211011,4,Mon Oct 11 16:52:32 2021
141263,104723,MOF,8,8,0,0,20211011,2,Mon Oct 11 16:52:32 2021
141260,104722,HLD,17,0,17,0,0,0,Mon Oct 11 16:52:32 2021
141257,104721,MOF,162,162,0,0,20211011,1,Mon Oct 11 16:52:32 2021
141242,104716,MOF,305,305,0,0,20211008,0,Mon Oct 11 16:52:32 2021
141235,104713,HLD,80,0,80,0,20211005,80,Mon Oct 11 16:52:32 2021
141232,104712,MOF,6,6,0,0,20211011,2,Mon Oct 11 16:52:32 2021
141229,104711,MOF,87,87,0,0,20211011,3,Mon Oct 11 16:52:32 2021
141222,104709,MOF,13,13,0,0,20211011,1,Mon Oct 11 16:52:32 2021
141219,104708,MOF,583,583,0,0,20211011,3,Mon Oct 11 16:52:32 2021
141216,104707,MOF,454,454,0,0,20211011,25,Mon Oct 11 16:52:32 2021
141213,104706,MOF,311,311,0,0,20211011,3,Mon Oct 11 16:52:32 2021
141210,104705,MOF,1067,348,719,0,20211011,8,Mon Oct 11 16:52:32 2021
141202,104703,MOF,15,15,0,0,0,0,Mon Oct 11 16:52:32 2021
141199,104702,MOF,1117,36,1081,0,20211011,25,Mon Oct 11 16:52:32 2021
141196,104701,MOF,12,12,0,22.74,20211011,1,Mon Oct 11 16:52:32 2021
141193,104700,MOF,92,92,0,0,20211011,44,Mon Oct 11 16:52:32 2021
141190,104699,MOF,123,67,56,18.42,20211011,1,Mon Oct 11 16:52:32 2021
141187,104698,MOF,319,33,286,25.86,20211011,14,Mon Oct 11 16:52:32 2021
141186,104697,XTR,113,0,113,17.19,0,0,Mon Oct 11 16:52:32 2021
141181,104696,HLD,7,0,7,0,20211006,40,Mon Oct 11 16:52:32 2021
141175,104694,HLD,71,0,71,0,20211001,6,Mon Oct 11 16:52:32 2021
141166,104691,HLD,64,0,64,0,20211006,2,Mon Oct 11 16:52:32 2021
141163,104690,HLD,5,0,5,0,20211002,12,Mon Oct 11 16:52:32 2021
141160,104689,HLD,25,0,25,0,20211007,21,Mon Oct 11 16:52:32 2021
141157,104688,MOF,140,140,0,0,20211011,25,Mon Oct 11 16:52:32 2021
141154,104687,MOF,21,21,0,0,20211011,6,Mon Oct 11 16:52:32 2021
141151,104686,MOF,213,213,0,0,20211011,4,Mon Oct 11 16:52:32 2021
141148,104685,MOF,241,241,0,0,20211011,6,Mon Oct 11 16:52:32 2021
141145,104684,HLD,56,0,56,0,20211006,25,Mon Oct 11 16:52:32 2021
141133,104680,MOF,7,7,0,0,20211008,3,Mon Oct 11 16:52:32 2021
141130,104679,MOF,14,14,0,0,20211008,2,Mon Oct 11 16:52:32 2021
141127,104678,MOF,16,16,0,0,20211008,5,Mon Oct 11 16:52:32 2021
141124,104677,MOF,21,21,0,0,20211011,2,Mon Oct 11 16:52:32 2021
141121,104676,MOF,9,9,0,0,20211011,8,Mon Oct 11 16:52:32 2021
141118,104675,MOF,17,17,0,0,20211008,5,Mon Oct 11 16:52:32 2021
141115,104674,MOF,23,23,0,0,20211005,3,Mon Oct 11 16:52:32 2021
141109,104672,MOF,10,10,0,0,20211004,10,Mon Oct 11 16:52:32 2021
141106,104671,MOF,5,5,0,0,20211004,13,Mon Oct 11 16:52:32 2021
141103,104670,MOF,10,10,0,0,20211004,13,Mon Oct 11 16:52:32 2021
141099,104669,MOF,321,321,0,0,20211011,5,Mon Oct 11 16:52:32 2021
141102,104668,REC,1,0,1,0,0,0,Mon Oct 11 16:52:32 2021
141096,104668,XTR,1343,0,1343,0,0,0,Mon Oct 11 16:52:32 2021
141093,104667,HLD,9,0,9,0,20211007,81,Mon Oct 11 16:52:32 2021
141090,104666,HLD,9,0,9,0,20211007,243,Mon Oct 11 16:52:32 2021
141081,104663,HLD,169,0,169,0,20211006,28,Mon Oct 11 16:52:32 2021
141078,104662,MOF,778,340,438,0,20211011,2,Mon Oct 11 16:52:32 2021
141075,104661,MOF,163,163,0,0,20211011,6,Mon Oct 11 16:52:32 2021
141072,104660,MOF,203,203,0,0,20211011,1,Mon Oct 11 16:52:32 2021
141069,104659,MOF,350,350,0,0,20211011,6,Mon Oct 11 16:52:32 2021
141066,104658,MOF,85,85,0,0,20211011,1,Mon Oct 11 16:52:32 2021
141063,104657,MOF,70,70,0,0,20211011,2,Mon Oct 11 16:52:32 2021
141060,104656,MOF,199,199,0,0,20211011,1,Mon Oct 11 16:52:32 2021
141051,104653,MOF,11,11,0,0,20211008,2,Mon Oct 11 16:52:32 2021
141048,104652,MOF,2,2,0,0,20211011,2,Mon Oct 11 16:52:32 2021
141045,104651,MOF,1,1,0,0,20211006,3,Mon Oct 11 16:52:32 2021
141042,104650,MOF,5,5,0,0,20211011,1,Mon Oct 11 16:52:32 2021
141039,104649,MOF,26,26,0,0,20211011,4,Mon Oct 11 16:52:32 2021
141036,104648,MOF,5,5,0,0,20211008,10,Mon Oct 11 16:52:32 2021
141033,104647,MOF,18,18,0,0,20211011,6,Mon Oct 11 16:52:32 2021
141030,104646,MOF,25,25,0,0,20211011,2,Mon Oct 11 16:52:32 2021
141027,104645,MOF,31,31,0,0,20211011,8,Mon Oct 11 16:52:32 2021
141024,104644,MOF,9,9,0,0,20211008,3,Mon Oct 11 16:52:32 2021
141021,104643,MOF,97,97,0,0,20211011,6,Mon Oct 11 16:52:32 2021
141018,104642,MOF,105,105,0,0,20211011,10,Mon Oct 11 16:52:32 2021
141015,104641,HLD,3,0,3,0,20210930,1,Mon Oct 11 16:52:32 2021
141009,104639,REC,1500,443,1057,0,0,0,Mon Oct 11 16:52:32 2021
141006,104638,MOF,2630,476,2154,0,20211011,10,Mon Oct 11 16:52:32 2021
141000,104636,MOF,1216,121,1095,0,20211011,4,Mon Oct 11 16:52:32 2021
140997,104635,HLD,63,0,63,0,20210929,6,Mon Oct 11 16:52:32 2021
140991,104633,MOF,3,3,0,0,0,0,Mon Oct 11 16:52:32 2021
140988,104632,MOF,3,3,0,0,0,0,Mon Oct 11 16:52:32 2021
140985,104631,MOF,80,48,32,0,20211011,1,Mon Oct 11 16:52:32 2021
140982,104630,MOF,27,27,0,0,20211006,1,Mon Oct 11 16:52:32 2021
140979,104629,MOF,18,18,0,0,20211011,2,Mon Oct 11 16:52:32 2021
140976,104628,MOF,31,31,0,0,20211011,2,Mon Oct 11 16:52:32 2021
140973,104627,MOF,144,107,37,0,20211011,20,Mon Oct 11 16:52:32 2021
140970,104626,MOF,208,36,172,0,20211011,2,Mon Oct 11 16:52:32 2021
140967,104625,MOF,110,110,0,0,20211011,5,Mon Oct 11 16:52:32 2021
140961,104623,MOF,22,22,0,0,20211011,3,Mon Oct 11 16:52:32 2021
140958,104622,MOF,25,25,0,0,20211011,1,Mon Oct 11 16:52:32 2021
140955,104621,HLD,8,0,8,0,20210930,8,Mon Oct 11 16:52:32 2021
140952,104620,MOF,2,2,0,0,20211011,6,Mon Oct 11 16:52:32 2021
140949,104619,MOF,10,10,0,0,20211008,2,Mon Oct 11 16:52:32 2021
140944,104617,MOF,122,122,0,0,20211011,1,Mon Oct 11 16:52:32 2021
140941,104616,MOF,8,8,0,0,20211011,1,Mon Oct 11 16:52:32 2021
140940,104615,XTR,1259,0,1259,0,0,0,Mon Oct 11 16:52:32 2021
140935,104614,MOF,1742,88,1654,0,20211011,2,Mon Oct 11 16:52:32 2021
140932,104613,MOF,1609,657,952,0,20211011,6,Mon Oct 11 16:52:32 2021
140929,104612,MOF,2386,515,1871,0,20211011,10,Mon Oct 11 16:52:32 2021
140903,104590,MOF,25,25,0,0,20211008,1,Mon Oct 11 16:52:32 2021
140900,104589,MOF,26,26,0,0,20211008,1,Mon Oct 11 16:52:32 2021
140897,104588,MOF,5,5,0,0,20211007,3,Mon Oct 11 16:52:32 2021
140894,104587,MOF,7,7,0,0,20211007,3,Mon Oct 11 16:52:32 2021
140891,104586,MOF,5,5,0,0,20211008,2,Mon Oct 11 16:52:32 2021
140889,104585,MOF,1,1,0,0,20211011,3,Mon Oct 11 16:52:32 2021
140885,104584,MOF,123,123,0,0,20211011,5,Mon Oct 11 16:52:32 2021
140879,104582,HLD,14,0,14,0,20210927,30,Mon Oct 11 16:52:32 2021
140876,104581,HLD,8,0,8,0,20211005,12,Mon Oct 11 16:52:32 2021
140864,104577,XTR,1620,0,1620,0,0,0,Mon Oct 11 16:52:32 2021
140862,104575,MOF,12,12,0,0,0,0,Mon Oct 11 16:52:32 2021
140861,104574,MOF,3,3,0,0,20211011,1,Mon Oct 11 16:52:32 2021
140858,104573,MOF,299,299,0,0,20211011,40,Mon Oct 11 16:52:32 2021
140855,104572,MOF,24,24,0,0,0,0,Mon Oct 11 16:52:32 2021
140852,104571,MOF,7,7,0,0,20211001,2,Mon Oct 11 16:52:32 2021
140849,104570,MOF,28,28,0,0,20211011,10,Mon Oct 11 16:52:32 2021
140846,104569,MOF,16,16,0,0,20211011,25,Mon Oct 11 16:52:32 2021
140843,104568,MOF,28,28,0,0,20211011,6,Mon Oct 11 16:52:32 2021
140840,104567,MOF,65,65,0,0,20211011,1,Mon Oct 11 16:52:32 2021
140837,104566,MOF,40,35,5,0,0,0,Mon Oct 11 16:52:32 2021
140834,104565,MOF,23,23,0,0,20211011,10,Mon Oct 11 16:52:32 2021
140831,104564,MOF,54,54,0,0,20211011,5,Mon Oct 11 16:52:32 2021
140828,104563,MOF,27,27,0,0,0,0,Mon Oct 11 16:52:32 2021
140825,104562,MOF,22,22,0,0,20211011,16,Mon Oct 11 16:52:32 2021
140816,104559,MOF,10,10,0,0,20211011,8,Mon Oct 11 16:52:32 2021
140810,104557,MOF,2,2,0,0,20211011,5,Mon Oct 11 16:52:32 2021
140804,104555,MOF,10,10,0,0,20211011,5,Mon Oct 11 16:52:32 2021
140798,104553,MOF,7,7,0,0,20211008,1,Mon Oct 11 16:52:32 2021
140780,104547,MOF,9,9,0,0,20211011,5,Mon Oct 11 16:52:32 2021
140774,104545,HLD,138,0,138,0,20210928,14,Mon Oct 11 16:52:32 2021
140768,104543,MOF,80,80,0,0,20211011,3,Mon Oct 11 16:52:32 2021
140765,104542,MOF,102,102,0,0,20211011,6,Mon Oct 11 16:52:32 2021
140756,104539,HLD,115,0,115,0,20211005,60,Mon Oct 11 16:52:32 2021
140753,104538,MOF,3,3,0,0,20211011,5,Mon Oct 11 16:52:32 2021
140747,104536,MOF,38,38,0,0,20211011,2,Mon Oct 11 16:52:32 2021
140744,104535,MOF,52,52,0,0,20211011,10,Mon Oct 11 16:52:32 2021
140741,104534,MOF,15,15,0,0,20211011,10,Mon Oct 11 16:52:32 2021
140735,104532,MOF,103,103,0,0,20211011,10,Mon Oct 11 16:52:32 2021
140732,104531,MOF,10,10,0,0,20211011,1,Mon Oct 11 16:52:32 2021
140728,104530,HLD,213,150,63,0,20210927,75,Mon Oct 11 16:52:32 2021
140725,104529,HLD,903,0,903,0,20210923,1251,Mon Oct 11 16:52:32 2021
140722,104528,HLD,597,0,597,0,20210921,3,Mon Oct 11 16:52:32 2021
140719,104527,HLD,317,0,317,0,20211004,9,Mon Oct 11 16:52:32 2021
140715,104526,MOF,8,8,0,0,20211008,2,Mon Oct 11 16:52:32 2021
140709,104524,MOF,2,2,0,0,20211011,34,Mon Oct 11 16:52:32 2021
140706,104523,HLD,5,0,5,0,20210922,1,Mon Oct 11 16:52:32 2021
140703,104522,HLD,132,0,132,0,20211004,24,Mon Oct 11 16:52:32 2021
140700,104521,HLD,25,0,25,0,20211001,7,Mon Oct 11 16:52:32 2021
140688,104517,HLD,149,0,149,0,20210922,200,Mon Oct 11 16:52:32 2021
140665,104509,MOF,1,1,0,0,20211011,50,Mon Oct 11 16:52:32 2021
140656,104506,MOF,2,2,0,0,20211001,3,Mon Oct 11 16:52:32 2021
140650,104504,MOF,5,5,0,0,20211006,3,Mon Oct 11 16:52:32 2021
140644,104502,MOF,1,1,0,0,20211005,4,Mon Oct 11 16:52:32 2021
140638,104500,MOF,5,5,0,0,20211011,1,Mon Oct 11 16:52:32 2021
140633,104498,MOF,7,7,0,0,20211011,16,Mon Oct 11 16:52:32 2021
140627,104496,HLD,50,0,50,0,20210920,550,Mon Oct 11 16:52:32 2021
140622,104495,MOF,94,93,1,0,20211011,30,Mon Oct 11 16:52:32 2021
140619,104494,MOF,40,40,0,0,20211011,3,Mon Oct 11 16:52:32 2021
140616,104493,XTR,2880,0,2880,0,0,0,Mon Oct 11 16:52:32 2021
140731,104491,MOF,723,45,678,0,20211011,6,Mon Oct 11 16:52:32 2021
140601,104488,MOF,68,13,55,0,20211011,5,Mon Oct 11 16:52:32 2021
140598,104487,MOF,1,1,0,0,20211005,0,Mon Oct 11 16:52:32 2021
140595,104486,MOF,22,22,0,0,20211011,10,Mon Oct 11 16:52:32 2021
140592,104485,MOF,201,56,145,0,20211011,2,Mon Oct 11 16:52:32 2021
140586,104483,MOF,11,11,0,0,0,0,Mon Oct 11 16:52:32 2021
140580,104481,MOF,680,9,671,0,20211011,2,Mon Oct 11 16:52:32 2021
140574,104479,MOF,2,2,0,0,20211008,16,Mon Oct 11 16:52:32 2021
140568,104477,MOF,13,13,0,0,20211008,1,Mon Oct 11 16:52:32 2021
140562,104475,MOF,2,2,0,0,20211004,7,Mon Oct 11 16:52:32 2021
140559,104474,MOF,13,13,0,0,20211011,8,Mon Oct 11 16:52:32 2021
140553,104472,MOF,13,13,0,0,20211011,4,Mon Oct 11 16:52:32 2021
140550,104471,MOF,3,3,0,0,20211011,2,Mon Oct 11 16:52:32 2021
140547,104470,MOF,10,10,0,0,20211011,3,Mon Oct 11 16:52:32 2021
140541,104468,MOF,1,1,0,0,20211005,4,Mon Oct 11 16:52:32 2021
140538,104467,MOF,3,3,0,0,20211011,2,Mon Oct 11 16:52:32 2021
140535,104466,MOF,1,1,0,0,20211011,2,Mon Oct 11 16:52:32 2021
140532,104465,MOF,10,10,0,0,20211008,2,Mon Oct 11 16:52:32 2021
140529,104464,MOF,20,20,0,0,20211008,20,Mon Oct 11 16:52:32 2021
140523,104462,MOF,2,2,0,0,20211006,1,Mon Oct 11 16:52:32 2021
140520,104461,MOF,12,12,0,0,20211011,2,Mon Oct 11 16:52:32 2021
140517,104460,MOF,33,33,0,0,20210929,2,Mon Oct 11 16:52:32 2021
140508,104457,REC,1620,0,1620,0,0,0,Mon Oct 11 16:52:32 2021
140502,104455,MOF,2,2,0,0,20211011,1,Mon Oct 11 16:52:32 2021
140499,104454,MOF,2,2,0,0,20211011,4,Mon Oct 11 16:52:32 2021
140496,104453,MOF,30,30,0,0,20211011,15,Mon Oct 11 16:52:32 2021
140493,104452,MOF,30,30,0,0,20211008,1,Mon Oct 11 16:52:32 2021
140487,104450,MOF,9,9,0,0,20211011,8,Mon Oct 11 16:52:32 2021
140481,104448,MOF,4,4,0,0,20211001,6,Mon Oct 11 16:52:32 2021
140478,104447,MOF,5,5,0,0,20211011,5,Mon Oct 11 16:52:32 2021
140464,104442,MOF,335,335,0,0,20211011,4,Mon Oct 11 16:52:32 2021
140455,104439,REC,1440,0,1440,0,0,0,Mon Oct 11 16:52:32 2021
140452,104438,MOF,4,4,0,0,20211011,3,Mon Oct 11 16:52:32 2021
140446,104436,MOF,7,7,0,0,20211008,1,Mon Oct 11 16:52:32 2021
140443,104435,MOF,2,2,0,0,20210923,2,Mon Oct 11 16:52:32 2021
140433,104432,MOF,408,243,165,0,20211011,5,Mon Oct 11 16:52:32 2021
140421,104428,HLD,7,0,7,0,20210921,34,Mon Oct 11 16:52:32 2021
140412,104425,HLD,5389,0,5389,0,20210921,1,Mon Oct 11 16:52:32 2021
140409,104424,MOF,10,10,0,0,20211011,5,Mon Oct 11 16:52:32 2021
140403,104422,MOF,19,19,0,0,20211005,7,Mon Oct 11 16:52:32 2021
140391,104418,MOF,27,27,0,0,20211005,8,Mon Oct 11 16:52:32 2021
140385,104416,MOF,1896,365,1531,0,20211011,20,Mon Oct 11 16:52:32 2021
140382,104415,HLD,1,0,1,0,20210921,40,Mon Oct 11 16:52:32 2021
140379,104414,HLD,276,0,276,0,20210930,64,Mon Oct 11 16:52:32 2021
140364,104409,MOF,30,30,0,0,20211011,1,Mon Oct 11 16:52:32 2021
140350,104399,MOF,48,48,0,0,20211007,2,Mon Oct 11 16:52:32 2021
140331,104395,MOF,963,43,920,0,20211011,3,Mon Oct 11 16:52:32 2021
140322,104392,HLD,1,0,1,0,20210916,1,Mon Oct 11 16:52:32 2021
140319,104391,MOF,754,259,495,0,20211011,5,Mon Oct 11 16:52:32 2021
140315,104390,MOF,71,71,0,0,20211011,25,Mon Oct 11 16:52:32 2021
140309,104388,XTR,1003,0,1003,0,0,0,Mon Oct 11 16:52:32 2021
140274,104377,MOF,8,8,0,0,20211008,2,Mon Oct 11 16:52:32 2021
140271,104376,MOF,1,1,0,0,20211011,5,Mon Oct 11 16:52:32 2021
140268,104375,MOF,7,7,0,0,20210920,13,Mon Oct 11 16:52:32 2021
140255,104371,REC,1530,0,1530,0,0,0,Mon Oct 11 16:52:32 2021
140252,104370,MOF,222,222,0,0,20211011,75,Mon Oct 11 16:52:32 2021
140249,104369,MOF,988,466,522,0,20211011,8,Mon Oct 11 16:52:32 2021
140246,104368,MOF,39,39,0,0,20211011,2,Mon Oct 11 16:52:32 2021
140240,104366,MOF,6,6,0,0,20211011,6,Mon Oct 11 16:52:32 2021
140236,104365,MOF,3,3,0,0,20211008,3,Mon Oct 11 16:52:32 2021
140230,104363,MOF,14,14,0,0,20211011,4,Mon Oct 11 16:52:32 2021
140227,104362,MOF,189,189,0,0,20211011,4,Mon Oct 11 16:52:32 2021
140218,104359,MOF,9,9,0,0,20211008,4,Mon Oct 11 16:52:32 2021
140212,104357,MOF,240,240,0,0,20211011,20,Mon Oct 11 16:52:32 2021
140209,104356,REC,225,0,225,0,0,0,Mon Oct 11 16:52:32 2021
140206,104355,REC,450,0,450,0,0,0,Mon Oct 11 16:52:32 2021
140198,104351,MOF,388,388,0,0,20211011,20,Mon Oct 11 16:52:32 2021
140195,104350,HLD,217,0,217,0,20210914,200,Mon Oct 11 16:52:32 2021
140162,104339,MOF,52,52,0,0,20211011,50,Mon Oct 11 16:52:32 2021
140159,104338,MOF,1,1,0,0,20210929,3,Mon Oct 11 16:52:32 2021
140153,104336,MOF,44,16,28,0,20211011,2,Mon Oct 11 16:52:32 2021
140150,104335,MOF,10,4,6,0,20211011,3,Mon Oct 11 16:52:32 2021
140141,104332,HLD,2,0,2,0,20210911,1,Mon Oct 11 16:52:32 2021
140126,104327,XTR,3069,0,3069,0,0,0,Mon Oct 11 16:52:32 2021
140117,104324,REC,475,0,475,0,0,0,Mon Oct 11 16:52:32 2021
140114,104323,REC,550,0,550,0,0,0,Mon Oct 11 16:52:32 2021
140108,104321,HLD,1,0,1,0,20210917,1,Mon Oct 11 16:52:32 2021
140104,104320,MOF,477,449,28,0,20211011,1,Mon Oct 11 16:52:32 2021
140105,104320,OFF,1515,0,1515,0,0,0,Mon Oct 11 16:52:32 2021
140099,104317,MOF,684,105,579,0,20211011,3,Mon Oct 11 16:52:32 2021
140096,104316,MOF,2,2,0,0,20210920,20,Mon Oct 11 16:52:32 2021
140051,104301,MOF,2,2,0,0,20211011,2,Mon Oct 11 16:52:32 2021
140027,104293,MOF,2,1,1,0,0,0,Mon Oct 11 16:52:32 2021
139992,104280,HLD,20,0,20,0,20210907,30,Mon Oct 11 16:52:32 2021
139989,104279,MOF,23,23,0,0,20211008,2,Mon Oct 11 16:52:32 2021
139976,104272,MOF,11,11,0,0,20210920,2,Mon Oct 11 16:52:32 2021
139973,104271,MOF,70,70,0,0,20211011,10,Mon Oct 11 16:52:32 2021
139964,104262,MOF,1,1,0,0,0,0,Mon Oct 11 16:52:32 2021
139951,104251,XTR,1620,0,1620,0,0,0,Mon Oct 11 16:52:32 2021
139950,104250,MOF,5,5,0,0,20211006,8,Mon Oct 11 16:52:32 2021
139935,104245,HLD,1,0,1,0,20210908,40,Mon Oct 11 16:52:32 2021
139922,104239,MOF,678,118,560,0,20211011,10,Mon Oct 11 16:52:32 2021
139903,104235,MOF,2,2,0,0,20211011,4,Mon Oct 11 16:52:32 2021
139882,104228,MOF,376,100,276,0,20211011,8,Mon Oct 11 16:52:32 2021
139875,104226,REC,1080,99,981,0,0,0,Mon Oct 11 16:52:32 2021
139845,104216,MOF,9,9,0,0,20211011,2,Mon Oct 11 16:52:32 2021
139827,104210,HLD,81,0,81,0,20210908,3,Mon Oct 11 16:52:32 2021
139811,104200,MOF,29,29,0,0,20210917,4,Mon Oct 11 16:52:32 2021
139808,104199,MOF,14,14,0,0,20210924,1,Mon Oct 11 16:52:32 2021
139805,104198,MOF,4,4,0,0,20211008,4,Mon Oct 11 16:52:32 2021
139802,104197,MOF,19,19,0,0,20210929,1,Mon Oct 11 16:52:32 2021
139795,104194,MOF,6,6,0,0,20211007,1,Mon Oct 11 16:52:32 2021
139768,104183,MOF,4,4,0,0,0,0,Mon Oct 11 16:52:32 2021
139765,104182,XTR,2160,0,2160,0,0,0,Mon Oct 11 16:52:32 2021
139759,104180,MOF,1,1,0,0,20211011,1,Mon Oct 11 16:52:32 2021
139941,104172,MOF,68,68,0,0,20211011,75,Mon Oct 11 16:52:32 2021
139944,104150,MOF,1518,219,1299,0,0,0,Mon Oct 11 16:52:32 2021
139636,104125,HLD,3,0,3,0,20210828,33,Mon Oct 11 16:52:32 2021
139618,104119,XTR,1530,0,1530,0,0,0,Mon Oct 11 16:52:32 2021
139615,104116,XTR,2880,0,2880,0,0,0,Mon Oct 11 16:52:32 2021
139594,104108,MOF,76,21,55,0,20211011,4,Mon Oct 11 16:52:32 2021
139579,104103,MOF,1,1,0,0,20211011,3,Mon Oct 11 16:52:32 2021
139557,104093,MOF,7,7,0,0,20211006,10,Mon Oct 11 16:52:32 2021
139547,104090,MOF,8,8,0,0,20211011,50,Mon Oct 11 16:52:32 2021
139532,104085,MOF,244,183,61,0,20211011,5,Mon Oct 11 16:52:32 2021
139529,104084,MOF,1,1,0,0,20211011,2,Mon Oct 11 16:52:32 2021
139497,104074,MOF,1,1,0,0,20211008,2,Mon Oct 11 16:52:32 2021
139494,104073,MOF,2,2,0,0,20210910,0,Mon Oct 11 16:52:32 2021
139475,104064,MOF,1,1,0,0,20210930,0,Mon Oct 11 16:52:32 2021
139417,104044,MOF,3,3,0,0,0,0,Mon Oct 11 16:52:32 2021
139411,104042,MOF,10,10,0,0,20211011,5,Mon Oct 11 16:52:32 2021
139307,103991,MOF,1,1,0,0,20210927,0,Mon Oct 11 16:52:32 2021
139271,103979,MOF,46,40,6,0,20211011,9,Mon Oct 11 16:52:32 2021
139265,103977,REC,1025,0,1025,0,0,0,Mon Oct 11 16:52:32 2021
139257,103974,XTR,3276,0,3276,0,0,0,Mon Oct 11 16:52:32 2021
139207,103958,MOF,9,9,0,0,0,0,Mon Oct 11 16:52:32 2021
139204,103957,MOF,13,13,0,0,0,0,Mon Oct 11 16:52:32 2021
139201,103956,REC,1620,451,1169,0,0,0,Mon Oct 11 16:52:32 2021
139198,103955,MOF,20,20,0,0,20211011,10,Mon Oct 11 16:52:32 2021
139181,103949,REC,1776,0,1776,0,0,0,Mon Oct 11 16:52:32 2021
139178,103948,REC,1025,0,1025,0,0,0,Mon Oct 11 16:52:32 2021
139175,103947,MOF,6,6,0,0,20211001,3,Mon Oct 11 16:52:32 2021
139166,103944,HLD,200,0,200,0,20210818,200,Mon Oct 11 16:52:32 2021
139163,103943,REC,1620,109,1511,0,0,0,Mon Oct 11 16:52:32 2021
139160,103942,MOF,2247,44,2203,8.82,20211011,20,Mon Oct 11 16:52:32 2021
139142,103936,MOF,2298,61,2237,7.76,20211011,4,Mon Oct 11 16:52:32 2021
139139,103935,MOF,760,54,706,7.76,20211011,4,Mon Oct 11 16:52:32 2021
139136,103934,MOF,1065,25,1040,6.96,20211011,5,Mon Oct 11 16:52:32 2021
139127,103931,REC,450,93,357,0,0,0,Mon Oct 11 16:52:32 2021
139124,103930,REC,475,0,475,0,0,0,Mon Oct 11 16:52:32 2021
139083,103917,MOF,9,9,0,9.97,20211011,20,Mon Oct 11 16:52:32 2021
139074,103914,HLD,31,0,31,0,20210903,12,Mon Oct 11 16:52:32 2021
139037,103902,MOF,1,1,0,0,20210920,10,Mon Oct 11 16:52:32 2021
139031,103900,MOF,1,1,0,0,20210920,0,Mon Oct 11 16:52:32 2021
139022,103897,HLD,2,0,2,0,20211004,19,Mon Oct 11 16:52:32 2021
138989,103886,MOF,2,2,0,0,0,0,Mon Oct 11 16:52:32 2021
138950,103873,MOF,337,19,318,0,20211011,1,Mon Oct 11 16:52:32 2021
138947,103872,MOF,227,17,210,0,20211011,1,Mon Oct 11 16:52:32 2021
138869,103837,MOF,982,10,972,0,20211007,6,Mon Oct 11 16:52:32 2021
138860,103834,MOF,458,29,429,0,20211011,2,Mon Oct 11 16:52:32 2021
138857,103833,REC,1025,0,1025,0,0,0,Mon Oct 11 16:52:32 2021
138836,103826,XTR,2698,0,2698,0,0,0,Mon Oct 11 16:52:32 2021
138760,103801,MOF,139,112,27,0,20211011,6,Mon Oct 11 16:52:32 2021
139942,103799,MOF,1,1,0,0,20211011,2,Mon Oct 11 16:52:32 2021
138718,103787,REC,1025,0,1025,0,0,0,Mon Oct 11 16:52:32 2021
138715,103786,MOF,20,20,0,0,20211011,3,Mon Oct 11 16:52:32 2021
138709,103784,MOF,10,10,0,0,20211006,3,Mon Oct 11 16:52:32 2021
138670,103770,MOF,2,2,0,0,0,0,Mon Oct 11 16:52:32 2021
138643,103761,HLD,1308,0,1308,0,20210809,200,Mon Oct 11 16:52:32 2021
138640,103760,MOF,6,6,0,0,0,0,Mon Oct 11 16:52:32 2021
138637,103759,MOF,105,105,0,0,20211011,6,Mon Oct 11 16:52:32 2021
138622,103754,REC,1025,0,1025,0,0,0,Mon Oct 11 16:52:32 2021
138619,103753,MOF,250,130,120,0,20211011,6,Mon Oct 11 16:52:32 2021
138610,103750,HLD,32,0,32,0,20210917,5,Mon Oct 11 16:52:32 2021
138557,103732,HLD,149,0,149,0,20210817,400,Mon Oct 11 16:52:32 2021
138539,103726,REC,1025,0,1025,0,0,0,Mon Oct 11 16:52:32 2021
138536,103725,REC,1025,0,1025,0,0,0,Mon Oct 11 16:52:32 2021
138521,103720,MOF,2,2,0,0,0,0,Mon Oct 11 16:52:32 2021
138482,103707,MOF,1,1,0,0,0,0,Mon Oct 11 16:52:32 2021
138436,103692,HLD,8,0,8,0,20210824,3,Mon Oct 11 16:52:32 2021
138406,103682,MOF,458,28,430,0,20211011,100,Mon Oct 11 16:52:32 2021
138403,103681,XTR,1728,0,1728,0,0,0,Mon Oct 11 16:52:32 2021
138400,103680,MOF,893,30,863,0,20211008,25,Mon Oct 11 16:52:32 2021
138397,103679,REC,1025,0,1025,0,0,0,Mon Oct 11 16:52:32 2021
141318,103664,MOF,2217,289,1928,0,20211008,1,Mon Oct 11 16:52:32 2021
138344,103660,DIS,3,3,0,0,20210803,3,Mon Oct 11 16:52:32 2021
138336,103658,REC,1025,0,1025,0,0,0,Mon Oct 11 16:52:32 2021
138327,103655,HLD,34,0,34,0,20210802,25,Mon Oct 11 16:52:32 2021
138312,103650,MOF,1156,225,931,0,20211011,10,Mon Oct 11 16:52:32 2021
138297,103645,MOF,974,116,858,0,20211011,3,Mon Oct 11 16:52:32 2021
140318,103632,MOF,566,328,238,0,20211011,20,Mon Oct 11 16:52:32 2021
138255,103631,MOF,6,6,0,0,20211001,4,Mon Oct 11 16:52:32 2021
138224,103620,DIS,4,4,0,0,20210730,1,Mon Oct 11 16:52:32 2021
138216,103618,HLD,2,0,2,0,20210803,14,Mon Oct 11 16:52:32 2021
138207,103615,HLD,24,0,24,0,20210803,4,Mon Oct 11 16:52:32 2021
138204,103614,MOF,1071,102,969,8.82,20211011,6,Mon Oct 11 16:52:32 2021
138191,103609,HLD,2,0,2,0,20210727,40,Mon Oct 11 16:52:32 2021
138188,103608,MOF,3,3,0,0,20211011,3,Mon Oct 11 16:52:32 2021
138178,103605,MOF,1024,72,952,22.98,20211011,8,Mon Oct 11 16:52:32 2021
138175,103604,MOF,2042,194,1848,16.32,20211011,2,Mon Oct 11 16:52:32 2021
138166,103601,REC,555,0,555,0,20210812,470,Mon Oct 11 16:52:32 2021
138163,103600,MOF,368,101,267,0,20211011,8,Mon Oct 11 16:52:32 2021
138157,103596,MOF,607,35,572,9.75,20211011,6,Mon Oct 11 16:52:32 2021
138154,103595,REC,288,288,0,0,0,0,Mon Oct 11 16:52:32 2021
138151,103594,REC,960,0,960,0,0,0,Mon Oct 11 16:52:32 2021
138148,103593,REC,560,436,124,0,0,0,Mon Oct 11 16:52:32 2021
138139,103590,HLD,1,0,1,0,20210804,40,Mon Oct 11 16:52:32 2021
139943,103568,MOF,514,514,0,0,20211011,5,Mon Oct 11 16:52:32 2021
138005,103542,MOF,5,5,0,0,20210820,4,Mon Oct 11 16:52:32 2021
137994,103538,HLD,26,0,26,0,0,0,Mon Oct 11 16:52:32 2021
139261,103537,MOF,1167,22,1145,0,20211011,5,Mon Oct 11 16:52:32 2021
137975,103531,MOF,1,1,0,0,0,0,Mon Oct 11 16:52:32 2021
137960,103526,MOF,5,5,0,0,0,0,Mon Oct 11 16:52:32 2021
137918,103512,HLD,62,0,62,0,20210726,7,Mon Oct 11 16:52:32 2021
137917,103511,XTR,30,0,30,0,0,0,Mon Oct 11 16:52:32 2021
137914,103510,XTR,590,0,590,0,0,0,Mon Oct 11 16:52:32 2021
137900,103506,MOF,566,566,0,0,20211011,10,Mon Oct 11 16:52:32 2021
137852,103490,HLD,90,0,90,0,20210719,30,Mon Oct 11 16:52:32 2021
137827,103482,MOF,2478,233,2245,0,20211011,20,Mon Oct 11 16:52:32 2021
137792,103470,REC,1313,443,870,0,0,0,Mon Oct 11 16:52:32 2021
137739,103452,HLD,5,0,5,0,20210716,16,Mon Oct 11 16:52:32 2021
137736,103451,MOF,4,4,0,0,20211004,0,Mon Oct 11 16:52:32 2021
137733,103450,REC,1025,936,89,0,0,0,Mon Oct 11 16:52:32 2021
137695,103435,REC,254,0,254,0,0,0,Mon Oct 11 16:52:32 2021
137692,103434,REC,28,0,28,0,0,0,Mon Oct 11 16:52:32 2021
137685,103432,REC,128,128,0,0,0,0,Mon Oct 11 16:52:32 2021
137682,103431,REC,6371,4394,1977,0,20211011,35,Mon Oct 11 16:52:32 2021
137673,103428,MOF,95,95,0,0,20211011,2,Mon Oct 11 16:52:32 2021
137656,103422,HLD,2,0,2,0,20210716,42,Mon Oct 11 16:52:32 2021
140718,103414,MOF,408,278,130,0,20211011,3,Mon Oct 11 16:52:32 2021
137618,103409,DIS,4,4,0,0,20210715,26,Mon Oct 11 16:52:32 2021
137586,103399,MOF,50,50,0,0,20211011,5,Mon Oct 11 16:52:32 2021
137564,103392,MOF,1340,42,1298,0,20211008,5,Mon Oct 11 16:52:32 2021
137536,103382,HLD,88,0,88,0,20210714,40,Mon Oct 11 16:52:32 2021
137481,103364,XTR,1518,0,1518,0,0,0,Mon Oct 11 16:52:32 2021
137451,103354,MOF,181,9,172,0,20211011,1,Mon Oct 11 16:52:32 2021
137433,103348,MOF,5,5,0,13.44,20211006,5,Mon Oct 11 16:52:32 2021
137418,103343,HLD,62,0,62,0,20210709,40,Mon Oct 11 16:52:32 2021
137393,103335,MOF,1406,94,1312,9.48,20211011,5,Mon Oct 11 16:52:32 2021
137387,103333,MOF,516,68,448,10.81,20211011,6,Mon Oct 11 16:52:32 2021
137384,103332,MOF,345,87,258,10.81,20211011,12,Mon Oct 11 16:52:32 2021
137381,103331,MOF,399,78,321,10.81,20211011,12,Mon Oct 11 16:52:32 2021
137372,103328,HLD,1,0,1,0,20211004,2,Mon Oct 11 16:52:32 2021
137354,103320,REC,415,413,2,0,0,0,Mon Oct 11 16:52:32 2021
137346,103318,REC,396,389,7,0,0,0,Mon Oct 11 16:52:32 2021
137337,103315,HLD,81,0,81,0,20210818,5,Mon Oct 11 16:52:32 2021
137331,103313,HLD,90,0,90,0,20210708,15,Mon Oct 11 16:52:32 2021
137293,103299,XTR,3276,0,3276,0,0,0,Mon Oct 11 16:52:32 2021
137197,103267,HLD,25,0,25,0,20210724,25,Mon Oct 11 16:52:32 2021
137173,103259,MOF,61,7,54,0,20211008,1,Mon Oct 11 16:52:32 2021
137089,103240,MOF,137,137,0,0,20211011,8,Mon Oct 11 16:52:32 2021
137020,103213,MOF,1,1,0,0,0,0,Mon Oct 11 16:52:32 2021
136935,103184,MOF,43,13,30,0,20211011,4,Mon Oct 11 16:52:32 2021
136929,103182,MOF,1,1,0,0,20210922,1,Mon Oct 11 16:52:32 2021
136896,103170,HLD,852,0,852,0,20210709,852,Mon Oct 11 16:52:32 2021
136874,103163,XTR,3276,0,3276,0,0,0,Mon Oct 11 16:52:32 2021
136652,103090,REC,436,436,0,0,0,0,Mon Oct 11 16:52:32 2021
137109,103070,MOF,28,28,0,0,20211011,10,Mon Oct 11 16:52:32 2021
136567,103062,REC,827,443,384,0,0,0,Mon Oct 11 16:52:32 2021
141543,103059,DIS,69,0,69,0,20211011,1,Mon Oct 11 16:52:32 2021
136558,103059,MOF,986,22,964,0,20211011,2,Mon Oct 11 16:52:32 2021
136549,103056,MOF,25,25,0,0,20211011,4,Mon Oct 11 16:52:32 2021
136534,103051,REC,96,95,1,0,0,0,Mon Oct 11 16:52:32 2021
136531,103050,REC,300,105,195,0,0,0,Mon Oct 11 16:52:32 2021
136513,103044,REC,120,0,120,0,0,0,Mon Oct 11 16:52:32 2021
136495,103038,MOF,39,39,0,0,20211011,6,Mon Oct 11 16:52:32 2021
136442,103020,MOF,55,55,0,0,20211011,10,Mon Oct 11 16:52:32 2021
136417,103011,MOF,229,22,207,0,20211011,2,Mon Oct 11 16:52:32 2021
136368,102995,MOF,1113,11,1102,0,20211011,6,Mon Oct 11 16:52:32 2021
141542,102989,DIS,63,0,63,0,20211011,1,Mon Oct 11 16:52:32 2021
136348,102989,MOF,454,53,401,0,20211011,1,Mon Oct 11 16:52:32 2021
141544,102921,DIS,232,0,232,0,20211011,2,Mon Oct 11 16:52:32 2021
136167,102921,MOF,2081,17,2064,0,20211011,6,Mon Oct 11 16:52:32 2021
136164,102920,XTR,590,0,590,0,0,0,Mon Oct 11 16:52:32 2021
136108,102901,MOF,49,0,49,0,20211005,8,Mon Oct 11 16:52:32 2021
136105,102900,MOF,10,10,0,0,20211011,10,Mon Oct 11 16:52:32 2021
136102,102899,MOF,70,70,0,0,20211011,18,Mon Oct 11 16:52:32 2021
136090,102895,THG,960,0,960,0,0,0,Mon Oct 11 16:52:32 2021
136080,102893,THG,237,12,225,0,20211008,4,Mon Oct 11 16:52:32 2021
136027,102876,XTR,1180,0,1180,0,0,0,Mon Oct 11 16:52:32 2021
135988,102863,MOF,360,54,306,0,20211011,3,Mon Oct 11 16:52:32 2021
135915,102839,MOF,2039,104,1935,0,20211007,10,Mon Oct 11 16:52:32 2021
141208,102830,DIS,72,0,72,0,20211008,72,Mon Oct 11 16:52:32 2021
135890,102830,MOF,1313,157,1156,0,20211011,3,Mon Oct 11 16:52:32 2021
137116,102800,MOF,125,125,0,0,20211011,4,Mon Oct 11 16:52:32 2021
135748,102782,XTR,1840,0,1840,0,20210921,90,Mon Oct 11 16:52:32 2021
135725,102774,MOF,861,270,591,0,20211011,10,Mon Oct 11 16:52:32 2021
135647,102748,MOF,73,73,0,9.48,20211008,2,Mon Oct 11 16:52:32 2021
135569,102722,REC,117,116,1,0,0,0,Mon Oct 11 16:52:32 2021
135563,102720,REC,9,0,9,0,0,0,Mon Oct 11 16:52:32 2021
135452,102681,MOF,25,3,22,0,20210928,1,Mon Oct 11 16:52:32 2021
137108,102675,MOF,324,124,200,0,20211011,7,Mon Oct 11 16:52:32 2021
136441,102672,MOF,525,73,452,0,20211011,2,Mon Oct 11 16:52:32 2021
135331,102641,XTR,1515,0,1515,0,0,0,Mon Oct 11 16:52:32 2021
135065,102545,MOF,94,20,74,26.25,20211011,2,Mon Oct 11 16:52:32 2021
135062,102544,MOF,871,24,847,26.25,20211011,2,Mon Oct 11 16:52:32 2021
134995,102522,XTR,2711,0,2711,0,20210921,234,Mon Oct 11 16:52:32 2021
134970,102513,MOF,105,105,0,0,20211011,40,Mon Oct 11 16:52:32 2021
134953,102506,XTR,2005,2005,0,0,0,0,Mon Oct 11 16:52:32 2021
134857,102473,XTR,1309,0,1309,0,0,0,Mon Oct 11 16:52:32 2021
134800,102457,THG,960,0,960,0,0,0,Mon Oct 11 16:52:32 2021
134785,102452,THG,960,0,960,0,0,0,Mon Oct 11 16:52:32 2021
134753,102442,MOF,816,228,588,0,20211011,5,Mon Oct 11 16:52:32 2021
134705,102423,MOF,46,29,17,0,20211011,1,Mon Oct 11 16:52:32 2021
137106,102422,MOF,554,39,515,0,20211011,4,Mon Oct 11 16:52:32 2021
134690,102418,MOF,27,27,0,0,20211011,3,Mon Oct 11 16:52:32 2021
134600,102388,MOF,40,37,3,0,20211011,8,Mon Oct 11 16:52:32 2021
134525,102360,MOF,2156,256,1900,0,20211008,10,Mon Oct 11 16:52:32 2021
134427,102326,XTR,1720,0,1720,0,0,0,Mon Oct 11 16:52:32 2021
134421,102324,MOF,567,78,489,10.57,20211011,3,Mon Oct 11 16:52:32 2021
137104,102295,MOF,952,473,479,0,20211011,10,Mon Oct 11 16:52:32 2021
134250,102267,MOF,4,4,0,0,0,0,Mon Oct 11 16:52:32 2021
134228,102260,REC,337,334,3,0,0,0,Mon Oct 11 16:52:32 2021
133909,102148,MOF,90,90,0,0,20211006,50,Mon Oct 11 16:52:32 2021
133716,102083,MOF,1289,370,919,0,20211011,6,Mon Oct 11 16:52:32 2021
133549,102033,MOF,1283,0,1283,0,20211011,2,Mon Oct 11 16:52:32 2021
133532,102027,MOF,1848,371,1477,0,20211011,5,Mon Oct 11 16:52:32 2021
133526,102025,MOF,42,42,0,0,20211011,50,Mon Oct 11 16:52:32 2021
133428,101990,MOF,86,34,52,0,20211011,4,Mon Oct 11 16:52:32 2021
133376,101967,MOF,1168,73,1095,0,20211008,2,Mon Oct 11 16:52:32 2021
133330,101952,MOF,1,1,0,0,0,0,Mon Oct 11 16:52:32 2021
133303,101943,MOF,42,4,38,0,20211011,1,Mon Oct 11 16:52:32 2021
133137,101887,HLD,148,0,148,0,20210914,384,Mon Oct 11 16:52:32 2021
132998,101839,MOF,21,21,0,0,20211011,1,Mon Oct 11 16:52:32 2021
132983,101834,MOF,254,10,244,0,20211007,2,Mon Oct 11 16:52:32 2021
132845,101789,HLD,1592,0,1592,0,20210916,325,Mon Oct 11 16:52:32 2021
132501,101672,MOF,6,6,0,0,20211011,4,Mon Oct 11 16:52:32 2021
132382,101630,MOF,1249,0,1249,0,20211008,5,Mon Oct 11 16:52:32 2021
131756,101402,MOF,2573,23,2550,0,20211008,10,Mon Oct 11 16:52:32 2021
131647,101359,MOF,290,0,290,0,20211007,2,Mon Oct 11 16:52:32 2021
131480,101304,MOF,6,6,0,0,20211011,2,Mon Oct 11 16:52:32 2021
131304,101244,MOF,79,4,75,0,20211005,20,Mon Oct 11 16:52:32 2021
131232,101220,HLD,1,0,1,0,20210317,166,Mon Oct 11 16:52:32 2021
131146,101193,MOF,1063,0,1063,0,20211011,3,Mon Oct 11 16:52:32 2021
130949,101121,MOF,2,2,0,0,20211007,1,Mon Oct 11 16:52:32 2021
130713,101030,MOF,9,9,0,0,20211008,1,Mon Oct 11 16:52:32 2021
130692,101023,MOF,271,1,270,0,20211011,3,Mon Oct 11 16:52:32 2021
130619,101000,MOF,1500,109,1391,0,20211011,3,Mon Oct 11 16:52:32 2021
130546,100963,MOF,2812,283,2529,10,20211011,25,Mon Oct 11 16:52:32 2021
130543,100962,MOF,719,27,692,24,20211011,5,Mon Oct 11 16:52:32 2021
130540,100961,MOF,30,25,5,30,20211011,1,Mon Oct 11 16:52:32 2021
130537,100960,MOF,974,56,918,30,20211011,2,Mon Oct 11 16:52:32 2021
130501,100948,MOF,2191,2191,0,0,20211011,500,Mon Oct 11 16:52:32 2021
130399,100915,MOF,2532,174,2358,9.99,20211011,5,Mon Oct 11 16:52:32 2021
130189,100845,MOF,306,51,255,9.99,20211011,25,Mon Oct 11 16:52:32 2021
130159,100835,MOF,116,4,112,0,20211011,4,Mon Oct 11 16:52:32 2021
130143,100829,XTR,1740,0,1740,0,0,0,Mon Oct 11 16:52:32 2021
130113,100820,XTR,1786,0,1786,0,0,0,Mon Oct 11 16:52:32 2021
130054,100802,MOF,14,14,0,0,20211011,3,Mon Oct 11 16:52:32 2021
130036,100796,MOF,22,22,0,16.95,20211011,3,Mon Oct 11 16:52:32 2021
129991,100778,MOF,18,0,18,0,20210927,1,Mon Oct 11 16:52:32 2021
129971,100769,REC,611,147,464,0,0,0,Mon Oct 11 16:52:32 2021
129962,100766,MOF,54,54,0,0,20211011,1,Mon Oct 11 16:52:32 2021
129906,100746,MOF,976,50,926,0,20211011,3,Mon Oct 11 16:52:32 2021
129695,100677,MOF,181,56,125,0,20211011,1,Mon Oct 11 16:52:32 2021
129623,100651,MOF,985,0,985,0,20211008,1,Mon Oct 11 16:52:32 2021
129406,100571,XTR,2338,0,2338,9.99,0,0,Mon Oct 11 16:52:32 2021
129401,100570,MOF,353,6,347,15.5,20211011,5,Mon Oct 11 16:52:32 2021
140258,100570,REC,1,0,1,0,0,0,Mon Oct 11 16:52:32 2021
129361,100557,MOF,890,25,865,10.23,20211011,10,Mon Oct 11 16:52:32 2021
129183,100501,MOF,2242,20,2222,0,20211011,1,Mon Oct 11 16:52:32 2021
129171,100497,MOF,72,69,3,0,20211008,5,Mon Oct 11 16:52:32 2021
129144,100488,MOF,471,205,266,9.99,20211011,6,Mon Oct 11 16:52:32 2021
128594,100307,MOF,10,6,4,0,20211011,8,Mon Oct 11 16:52:32 2021
128582,100303,MOF,5,5,0,0,20211006,6,Mon Oct 11 16:52:32 2021
128564,100297,MOF,661,20,641,15.25,20211011,10,Mon Oct 11 16:52:32 2021
128245,100187,MOF,525,214,311,11.2,20211011,10,Mon Oct 11 16:52:32 2021
128237,100185,MOF,168,84,84,0,20211011,8,Mon Oct 11 16:52:32 2021
128232,100184,MOF,2,2,0,0,0,0,Mon Oct 11 16:52:32 2021
128203,100173,MOF,89,79,10,0,20211011,10,Mon Oct 11 16:52:32 2021
128147,100155,MOF,842,49,793,10.48,20211011,8,Mon Oct 11 16:52:32 2021
136069,100148,XTR,1792,0,1792,0,20210921,112,Mon Oct 11 16:52:32 2021
127816,100024,MOF,421,5,416,0,20211011,2,Mon Oct 11 16:52:32 2021
127810,100022,MOF,1394,373,1021,0,20211011,1,Mon Oct 11 16:52:32 2021
126371,99474,MOF,231,9,222,0,20211011,8,Mon Oct 11 16:52:32 2021
124651,98829,MOF,97,69,28,0,20211011,2,Mon Oct 11 16:52:32 2021
124350,98729,MOF,383,34,349,0,20211008,25,Mon Oct 11 16:52:32 2021
141545,98729,DIS,82,0,82,0,20211011,2,Mon Oct 11 16:52:32 2021
119295,96897,HLD,824,0,824,0,20211009,1,Mon Oct 11 16:52:32 2021
118310,96141,HLD,497,0,497,0,20210630,3,Mon Oct 11 16:52:32 2021
118309,96035,HLD,108,0,108,0,20201210,1,Mon Oct 11 16:52:32 2021
137353,94601,PAN,270,108,162,0,20210916,270,Mon Oct 11 16:52:32 2021
102545,90599,PAN,454,0,454,0,20211005,420,Mon Oct 11 16:52:32 2021
101791,90026,MOF,7580,5425,2155,0,20211011,50,Mon Oct 11 16:52:32 2021
101117,88691,OFF,1197,1197,0,0,20211011,246,Mon Oct 11 16:52:32 2021
97383,86346,HLD,6974,0,6974,0,20211001,2010,Mon Oct 11 16:52:32 2021
97382,86345,REC,231,0,231,0,20210810,1592,Mon Oct 11 16:52:32 2021
97063,86075,MOF,33,9,24,0,20211011,15,Mon Oct 11 16:52:32 2021
94212,83687,PAN,2011,0,2011,0,20211005,1318,Mon Oct 11 16:52:32 2021
93190,83062,REC,1092,0,1092,0,20210914,616,Mon Oct 11 16:52:32 2021
92660,82553,REC,314,0,314,0,20210830,3228,Mon Oct 11 16:52:32 2021
96001,82249,HLD,300,0,300,0,20210531,809,Mon Oct 11 16:52:32 2021
91397,81457,MOF,2971,2147,824,0,20211011,150,Mon Oct 11 16:52:32 2021
95899,78799,HLD,3716,0,3716,0,20211001,259,Mon Oct 11 16:52:32 2021
95901,78741,HLD,4437,0,4437,0,20211001,216,Mon Oct 11 16:52:32 2021
116868,78740,PAN,488,0,488,0,20210812,632,Mon Oct 11 16:52:32 2021
88261,78740,REC,1132,0,1132,0,20210812,206,Mon Oct 11 16:52:32 2021
88260,78739,REC,532,0,532,0,20210810,1442,Mon Oct 11 16:52:32 2021
95902,78735,HLD,1560,0,1560,0,20210907,150,Mon Oct 11 16:52:32 2021
88158,78641,REC,555,0,555,0,20210804,187,Mon Oct 11 16:52:32 2021
95903,78263,HLD,8376,0,8376,0,20210924,1475,Mon Oct 11 16:52:32 2021
87323,77867,REC,2697,0,2697,0,20210929,1218,Mon Oct 11 16:52:32 2021
97816,77864,HLD,248,0,248,0,20190808,772,Mon Oct 11 16:52:32 2021
95956,77494,HLD,5098,0,5098,0,20211011,979,Mon Oct 11 16:52:32 2021
103483,77443,PAN,759,0,759,0,20211005,681,Mon Oct 11 16:52:32 2021
86844,77443,REC,26293,0,26293,0,20211001,1051,Mon Oct 11 16:52:32 2021
86023,76712,REC,27996,0,27996,0,20210928,572,Mon Oct 11 16:52:32 2021
80400,71654,MOF,277,277,0,0,20211011,60,Mon Oct 11 16:52:32 2021
80399,71653,MOF,250,250,0,0,20211008,288,Mon Oct 11 16:52:32 2021
80398,71652,MOF,16,16,0,0,20211011,2,Mon Oct 11 16:52:32 2021
95904,68452,HLD,204,0,204,0,20210924,729,Mon Oct 11 16:52:32 2021
76800,68452,MOF,37474,9251,28223,0,20211011,100,Mon Oct 11 16:52:32 2021
76799,68451,MOF,3578,3578,0,0,20211011,50,Mon Oct 11 16:52:32 2021
117739,68296,HLD,2953,0,2953,0,20210901,560,Mon Oct 11 16:52:32 2021
98845,64920,PAN,6512,0,6512,0,20211005,8132,Mon Oct 11 16:52:32 2021
95950,64522,HLD,4714,0,4714,0,20211007,435,Mon Oct 11 16:52:32 2021
84827,63617,PAN,190,0,190,0,20211005,220,Mon Oct 11 16:52:32 2021
69804,62227,MOF,1344,1320,24,0,20211011,5,Mon Oct 11 16:52:32 2021
69699,62127,MOF,12339,2550,9789,0,20211011,40,Mon Oct 11 16:52:32 2021
69082,61592,REC,3394,0,3394,0,20211005,406,Mon Oct 11 16:52:32 2021
97028,60503,HLD,14148,0,14148,0,20210916,567,Mon Oct 11 16:52:32 2021
67255,58379,MOF,1813,1813,0,0,20211011,40,Mon Oct 11 16:52:32 2021
66472,56335,PAN,385,0,385,0,20210929,1227,Mon Oct 11 16:52:32 2021
95953,55359,HLD,5271,0,5271,0,20211011,360,Mon Oct 11 16:52:32 2021
95949,55119,HLD,2324,0,2324,0,20211008,260,Mon Oct 11 16:52:32 2021
95910,54705,HLD,7820,0,7820,0,20211011,1000,Mon Oct 11 16:52:32 2021
101165,52122,PAN,846,0,846,0,20210929,322,Mon Oct 11 16:52:32 2021
58427,52122,REC,19384,0,19384,0,20211005,1016,Mon Oct 11 16:52:32 2021
58058,51777,MOF,205,205,0,0,20211011,5,Mon Oct 11 16:52:32 2021
56547,50428,MOF,173,171,2,0,20211011,33,Mon Oct 11 16:52:32 2021
56546,50427,MOF,167,143,24,0,20211011,15,Mon Oct 11 16:52:32 2021
56545,50426,MOF,136,118,18,0,20211011,5,Mon Oct 11 16:52:32 2021
56404,50294,MOF,5,5,0,0,20211007,8,Mon Oct 11 16:52:32 2021
73904,48859,REC,300,0,300,0,20210920,400,Mon Oct 11 16:52:32 2021
73903,48858,REC,2315,0,2315,0,20211008,900,Mon Oct 11 16:52:32 2021
54103,48270,MOF,923,391,532,0,20211011,5,Mon Oct 11 16:52:32 2021
53311,47576,MOF,52,6,46,0,20211011,2,Mon Oct 11 16:52:32 2021
95928,47549,HLD,3731,0,3731,0,20211007,140,Mon Oct 11 16:52:32 2021
53276,47544,MOF,27,27,0,0,20211011,11,Mon Oct 11 16:52:32 2021
53162,47434,MOF,760,382,378,0,20211011,25,Mon Oct 11 16:52:32 2021
53158,47430,MOF,225,225,0,0,20211011,10,Mon Oct 11 16:52:32 2021
53157,47429,MOF,35,35,0,0,20211011,27,Mon Oct 11 16:52:32 2021
53147,47422,MOF,155,43,112,0,20211011,2,Mon Oct 11 16:52:32 2021
53143,47418,MOF,72,72,0,0,20211011,1,Mon Oct 11 16:52:32 2021
53138,47413,MOF,22,22,0,0,20211011,15,Mon Oct 11 16:52:32 2021
130509,46063,HLD,2102,0,2102,0,20210107,887,Mon Oct 11 16:52:32 2021
137352,45984,PAN,54,0,54,0,20210929,54,Mon Oct 11 16:52:32 2021
95911,45719,HLD,20005,0,20005,0,20211009,1060,Mon Oct 11 16:52:32 2021
95890,45718,HLD,8749,0,8749,0,20211008,2005,Mon Oct 11 16:52:32 2021
95892,45717,HLD,13347,0,13347,0,20211011,720,Mon Oct 11 16:52:32 2021
95894,45715,HLD,84178,0,84178,0,20211011,440,Mon Oct 11 16:52:32 2021
76357,45713,PAN,1454,0,1454,0,20210929,5995,Mon Oct 11 16:52:32 2021
51201,45713,REC,16370,0,16370,0,20210920,300,Mon Oct 11 16:52:32 2021
78729,44077,REC,3138,0,3138,0,20210907,110,Mon Oct 11 16:52:32 2021
78185,42836,REC,5811,0,5811,0,20211008,900,Mon Oct 11 16:52:32 2021
95893,42372,HLD,5698,0,5698,0,20211011,530,Mon Oct 11 16:52:32 2021
95891,42252,HLD,2076,0,2076,0,20211007,254,Mon Oct 11 16:52:32 2021
95907,40583,HLD,41,0,41,0,20210917,21,Mon Oct 11 16:52:32 2021
95889,39609,HLD,20857,0,20857,0,20211011,285,Mon Oct 11 16:52:32 2021
95895,33916,HLD,6369,0,6369,0,20211007,1540,Mon Oct 11 16:52:32 2021
135180,30949,PAN,914,0,914,0,20210929,1936,Mon Oct 11 16:52:32 2021
87978,26066,PAN,1785,0,1785,0,20210929,2113,Mon Oct 11 16:52:32 2021
27957,26066,REC,18049,0,18049,0,20210930,880,Mon Oct 11 16:52:32 2021
98482,21138,HLD,1227,0,1227,0,20210902,1020,Mon Oct 11 16:52:32 2021
66639,18042,PAN,252,0,252,0,20211005,353,Mon Oct 11 16:52:32 2021
100808,11359,HLD,2078,0,2078,0,20211008,680,Mon Oct 11 16:52:32 2021
102769,10672,PAN,4105,0,4105,0,20211005,639,Mon Oct 11 16:52:32 2021
67301,4011,PAN,483,0,483,0,20210929,320,Mon Oct 11 16:52:32 2021
46409,4011,REC,704,0,704,0,20210826,361,Mon Oct 11 16:52:32 2021
95880,3007,HLD,8754,0,8754,0,20211008,323,Mon Oct 11 16:52:32 2021
